Good love ,Bad love,Good Work,Bad Work,Good General,Bad General,Good Family,Bad Family 
Good love ,Bad love,Good Work,Bad Work,Good General,Bad General,Good Family,Bad Family 
Good love ,Bad love,Good Work,Bad Work,Good General,Bad General,Good Family,Bad Family 
Good love ,Bad love,Good Work,Bad Work,Good General,Bad General,Good Family,Bad Family 
Good love ,Bad love,Good Work,Bad Work,Good General,Bad General,Good Family,Bad Family 
Good love ,Bad love,Good Work,Bad Work,Good General,Bad General,Good Family,Bad Family 
Good love ,Bad love,Good Work,Bad Work,Good General,Bad General,Good Family,Bad Family 
Good love ,Bad love,Good Work,Bad Work,Good General,Bad General,Good Family,Bad Family 
Good love ,Bad love,Good Work,Bad Work,Good General,Bad General,Good Family,Bad Family 
Good love ,Bad love,Good Work,Bad Work,Good General,Bad General,Good Family,Bad Family 
Good love ,Bad love,Good Work,Bad Work,Good General,Bad General,Good Family,Bad Family 
Good love ,Bad love,Good Work,Bad Work,Good General,Bad General,Good Family,Bad Family 
Good love ,Bad love,Good Work,Bad Work,Good General,Bad General,Good Family,Bad Family 
Good love ,Bad love,Good Work,Bad Work,Good General,Bad General,Good Family,Bad Family 
Good love ,Bad love,Good Work,Bad Work,Good General,Bad General,Good Family,Bad Family 